ticker,cik,accession,accepted,report_date,metric,taxonomy,unit,reason,selected_value,observation_periods_and_values,source_sha256,source_pointer
KO,0000021344,0000021344-24-000060,2024-10-24T15:55:23.000Z,2024-09-27,cash_and_cash_equivalents,us-gaap:CashAndCashEquivalentsAtCarryingValue,USD,baseline_requires_frame_but_source_has_none,,"[{""accn"": ""0000021344-24-000060"", ""end"": ""2022-12-31"", ""filed"": ""2024-10-24"", ""form"": ""10-Q"", ""fp"": ""Q3"", ""fy"": 2024, ""val"": 9519000000}, {""accn"": ""0000021344-24-000060"", ""end"": ""2023-09-29"", ""filed"": ""2024-10-24"", ""form"": ""10-Q"", ""fp"": ""Q3"", ""frame"": ""CY2023Q3I"", ""fy"": 2024, ""val"": 11883000000}, {""accn"": ""0000021344-24-000060"", ""end"": ""2023-12-31"", ""filed"": ""2024-10-24"", ""form"": ""10-Q"", ""fp"": ""Q3"", ""fy"": 2024, ""val"": 9366000000}, {""accn"": ""0000021344-24-000060"", ""end"": ""2024-09-27"", ""filed"": ""2024-10-24"", ""form"": ""10-Q"", ""fp"": ""Q3"", ""fy"": 2024, ""val"": 13938000000}]",97aef99b976f1f158b463dcb04efc4bb88449a8707b07711aebaec5571104ebd,/facts/us-gaap/CashAndCashEquivalentsAtCarryingValue/units/USD
KO,0000021344,0000021344-24-000060,2024-10-24T15:55:23.000Z,2024-09-27,cfo,us-gaap:NetCashProvidedByUsedInOperatingActivities,USD,baseline_requires_frame_but_source_has_none,,"[{""accn"": ""0000021344-24-000060"", ""end"": ""2023-09-29"", ""filed"": ""2024-10-24"", ""form"": ""10-Q"", ""fp"": ""Q3"", ""fy"": 2024, ""start"": ""2023-01-01"", ""val"": 8929000000}, {""accn"": ""0000021344-24-000060"", ""end"": ""2024-09-27"", ""filed"": ""2024-10-24"", ""form"": ""10-Q"", ""fp"": ""Q3"", ""fy"": 2024, ""start"": ""2024-01-01"", ""val"": 2854000000}]",97aef99b976f1f158b463dcb04efc4bb88449a8707b07711aebaec5571104ebd,/facts/us-gaap/NetCashProvidedByUsedInOperatingActivities/units/USD
KO,0000021344,0000021344-24-000060,2024-10-24T15:55:23.000Z,2024-09-27,capex,us-gaap:PaymentsToAcquirePropertyPlantAndEquipment,USD,baseline_requires_frame_but_source_has_none,,"[{""accn"": ""0000021344-24-000060"", ""end"": ""2023-09-29"", ""filed"": ""2024-10-24"", ""form"": ""10-Q"", ""fp"": ""Q3"", ""fy"": 2024, ""start"": ""2023-01-01"", ""val"": 1001000000}, {""accn"": ""0000021344-24-000060"", ""end"": ""2024-09-27"", ""filed"": ""2024-10-24"", ""form"": ""10-Q"", ""fp"": ""Q3"", ""fy"": 2024, ""start"": ""2024-01-01"", ""val"": 1261000000}]",97aef99b976f1f158b463dcb04efc4bb88449a8707b07711aebaec5571104ebd,/facts/us-gaap/PaymentsToAcquirePropertyPlantAndEquipment/units/USD
KO,0000021344,0000021344-24-000060,2024-10-24T15:55:23.000Z,2024-09-27,net_income,us-gaap:NetIncomeLoss,USD,baseline_requires_frame_but_source_has_none,,"[{""accn"": ""0000021344-24-000060"", ""end"": ""2023-09-29"", ""filed"": ""2024-10-24"", ""form"": ""10-Q"", ""fp"": ""Q3"", ""fy"": 2024, ""start"": ""2023-01-01"", ""val"": 8741000000}, {""accn"": ""0000021344-24-000060"", ""end"": ""2023-09-29"", ""filed"": ""2024-10-24"", ""form"": ""10-Q"", ""fp"": ""Q3"", ""frame"": ""CY2023Q3"", ""fy"": 2024, ""start"": ""2023-07-01"", ""val"": 3087000000}, {""accn"": ""0000021344-24-000060"", ""end"": ""2024-09-27"", ""filed"": ""2024-10-24"", ""form"": ""10-Q"", ""fp"": ""Q3"", ""fy"": 2024, ""start"": ""2024-01-01"", ""val"": 8436000000}, {""accn"": ""0000021344-24-000060"", ""end"": ""2024-09-27"", ""filed"": ""2024-10-24"", ""form"": ""10-Q"", ""fp"": ""Q3"", ""fy"": 2024, ""start"": ""2024-06-29"", ""val"": 2848000000}]",97aef99b976f1f158b463dcb04efc4bb88449a8707b07711aebaec5571104ebd,/facts/us-gaap/NetIncomeLoss/units/USD
KO,0000021344,0000021344-24-000060,2024-10-24T15:55:23.000Z,2024-09-27,ebit,us-gaap:OperatingIncomeLoss,USD,baseline_requires_frame_but_source_has_none,,"[{""accn"": ""0000021344-24-000060"", ""end"": ""2023-09-29"", ""filed"": ""2024-10-24"", ""form"": ""10-Q"", ""fp"": ""Q3"", ""fy"": 2024, ""start"": ""2023-01-01"", ""val"": 9038000000}, {""accn"": ""0000021344-24-000060"", ""end"": ""2023-09-29"", ""filed"": ""2024-10-24"", ""form"": ""10-Q"", ""fp"": ""Q3"", ""frame"": ""CY2023Q3"", ""fy"": 2024, ""start"": ""2023-07-01"", ""val"": 3270000000}, {""accn"": ""0000021344-24-000060"", ""end"": ""2024-09-27"", ""filed"": ""2024-10-24"", ""form"": ""10-Q"", ""fp"": ""Q3"", ""fy"": 2024, ""start"": ""2024-01-01"", ""val"": 7283000000}, {""accn"": ""0000021344-24-000060"", ""end"": ""2024-09-27"", ""filed"": ""2024-10-24"", ""form"": ""10-Q"", ""fp"": ""Q3"", ""fy"": 2024, ""start"": ""2024-06-29"", ""val"": 2510000000}]",97aef99b976f1f158b463dcb04efc4bb88449a8707b07711aebaec5571104ebd,/facts/us-gaap/OperatingIncomeLoss/units/USD
KO,0000021344,0000021344-24-000060,2024-10-24T15:55:23.000Z,2024-09-27,stock_based_compensation,us-gaap:ShareBasedCompensation,USD,baseline_requires_frame_but_source_has_none,,"[{""accn"": ""0000021344-24-000060"", ""end"": ""2023-09-29"", ""filed"": ""2024-10-24"", ""form"": ""10-Q"", ""fp"": ""Q3"", ""fy"": 2024, ""start"": ""2023-01-01"", ""val"": 177000000}, {""accn"": ""0000021344-24-000060"", ""end"": ""2024-09-27"", ""filed"": ""2024-10-24"", ""form"": ""10-Q"", ""fp"": ""Q3"", ""fy"": 2024, ""start"": ""2024-01-01"", ""val"": 207000000}]",97aef99b976f1f158b463dcb04efc4bb88449a8707b07711aebaec5571104ebd,/facts/us-gaap/ShareBasedCompensation/units/USD
KO,0000021344,0000021344-24-000060,2024-10-24T15:55:23.000Z,2024-09-27,basic_shares,dei:EntityCommonStockSharesOutstanding,shares,report_end_or_fiscal_context_mismatch,,"[{""accn"": ""0000021344-24-000060"", ""end"": ""2024-10-22"", ""filed"": ""2024-10-24"", ""form"": ""10-Q"", ""fp"": ""Q3"", ""frame"": ""CY2024Q3I"", ""fy"": 2024, ""val"": 4307797138}]",97aef99b976f1f158b463dcb04efc4bb88449a8707b07711aebaec5571104ebd,/facts/dei/EntityCommonStockSharesOutstanding/units/shares
KO,0000021344,0000021344-24-000060,2024-10-24T15:55:23.000Z,2024-09-27,diluted_shares,us-gaap:WeightedAverageNumberOfDilutedSharesOutstanding,shares,baseline_requires_frame_but_source_has_none,,"[{""accn"": ""0000021344-24-000060"", ""end"": ""2023-09-29"", ""filed"": ""2024-10-24"", ""form"": ""10-Q"", ""fp"": ""Q3"", ""fy"": 2024, ""start"": ""2023-01-01"", ""val"": 4342000000}, {""accn"": ""0000021344-24-000060"", ""end"": ""2023-09-29"", ""filed"": ""2024-10-24"", ""form"": ""10-Q"", ""fp"": ""Q3"", ""frame"": ""CY2023Q3"", ""fy"": 2024, ""start"": ""2023-07-01"", ""val"": 4339000000}, {""accn"": ""0000021344-24-000060"", ""end"": ""2024-09-27"", ""filed"": ""2024-10-24"", ""form"": ""10-Q"", ""fp"": ""Q3"", ""fy"": 2024, ""start"": ""2024-01-01"", ""val"": 4321000000}, {""accn"": ""0000021344-24-000060"", ""end"": ""2024-09-27"", ""filed"": ""2024-10-24"", ""form"": ""10-Q"", ""fp"": ""Q3"", ""fy"": 2024, ""start"": ""2024-06-29"", ""val"": 4323000000}]",97aef99b976f1f158b463dcb04efc4bb88449a8707b07711aebaec5571104ebd,/facts/us-gaap/WeightedAverageNumberOfDilutedSharesOutstanding/units/shares
CAT,0000018230,0000018230-24-000053,2024-11-06T15:40:15.000Z,2024-09-30,cash_and_cash_equivalents,us-gaap:CashAndCashEquivalentsAtCarryingValue,USD,selected_by_baseline,5638000000,"[{""accn"": ""0000018230-24-000053"", ""end"": ""2023-12-31"", ""filed"": ""2024-11-06"", ""form"": ""10-Q"", ""fp"": ""Q3"", ""fy"": 2024, ""val"": 6978000000}, {""accn"": ""0000018230-24-000053"", ""end"": ""2024-09-30"", ""filed"": ""2024-11-06"", ""form"": ""10-Q"", ""fp"": ""Q3"", ""frame"": ""CY2024Q3I"", ""fy"": 2024, ""val"": 5638000000}]",f88c89890d17da17bea2dd68e56dcddc640e58a67e7c94b81d754fb3ce4c1f7d,/facts/us-gaap/CashAndCashEquivalentsAtCarryingValue/units/USD
CAT,0000018230,0000018230-24-000053,2024-11-06T15:40:15.000Z,2024-09-30,cfo,us-gaap:NetCashProvidedByUsedInOperatingActivities,USD,baseline_requires_frame_but_source_has_none,,"[{""accn"": ""0000018230-24-000053"", ""end"": ""2023-09-30"", ""filed"": ""2024-11-06"", ""form"": ""10-Q"", ""fp"": ""Q3"", ""fy"": 2024, ""start"": ""2023-01-01"", ""val"": 8882000000}, {""accn"": ""0000018230-24-000053"", ""end"": ""2024-09-30"", ""filed"": ""2024-11-06"", ""form"": ""10-Q"", ""fp"": ""Q3"", ""fy"": 2024, ""start"": ""2024-01-01"", ""val"": 8642000000}]",f88c89890d17da17bea2dd68e56dcddc640e58a67e7c94b81d754fb3ce4c1f7d,/facts/us-gaap/NetCashProvidedByUsedInOperatingActivities/units/USD
CAT,0000018230,0000018230-24-000053,2024-11-06T15:40:15.000Z,2024-09-30,capex,us-gaap:PaymentsToAcquirePropertyPlantAndEquipment,USD,baseline_requires_frame_but_source_has_none,,"[{""accn"": ""0000018230-24-000053"", ""end"": ""2023-09-30"", ""filed"": ""2024-11-06"", ""form"": ""10-Q"", ""fp"": ""Q3"", ""fy"": 2024, ""start"": ""2023-01-01"", ""val"": 1061000000}, {""accn"": ""0000018230-24-000053"", ""end"": ""2024-09-30"", ""filed"": ""2024-11-06"", ""form"": ""10-Q"", ""fp"": ""Q3"", ""fy"": 2024, ""start"": ""2024-01-01"", ""val"": 1285000000}]",f88c89890d17da17bea2dd68e56dcddc640e58a67e7c94b81d754fb3ce4c1f7d,/facts/us-gaap/PaymentsToAcquirePropertyPlantAndEquipment/units/USD
CAT,0000018230,0000018230-24-000053,2024-11-06T15:40:15.000Z,2024-09-30,net_income,us-gaap:NetIncomeLoss,USD,no_selected_accession_observation,,[],f88c89890d17da17bea2dd68e56dcddc640e58a67e7c94b81d754fb3ce4c1f7d,/facts/us-gaap/NetIncomeLoss/units/USD
CAT,0000018230,0000018230-24-000053,2024-11-06T15:40:15.000Z,2024-09-30,ebit,us-gaap:OperatingIncomeLoss,USD,baseline_requires_frame_but_source_has_none,,"[{""accn"": ""0000018230-24-000053"", ""end"": ""2023-09-30"", ""filed"": ""2024-11-06"", ""form"": ""10-Q"", ""fp"": ""Q3"", ""fy"": 2024, ""start"": ""2023-01-01"", ""val"": 9832000000}, {""accn"": ""0000018230-24-000053"", ""end"": ""2023-09-30"", ""filed"": ""2024-11-06"", ""form"": ""10-Q"", ""fp"": ""Q3"", ""frame"": ""CY2023Q3"", ""fy"": 2024, ""start"": ""2023-07-01"", ""val"": 3449000000}, {""accn"": ""0000018230-24-000053"", ""end"": ""2024-09-30"", ""filed"": ""2024-11-06"", ""form"": ""10-Q"", ""fp"": ""Q3"", ""fy"": 2024, ""start"": ""2024-01-01"", ""val"": 10148000000}, {""accn"": ""0000018230-24-000053"", ""end"": ""2024-09-30"", ""filed"": ""2024-11-06"", ""form"": ""10-Q"", ""fp"": ""Q3"", ""fy"": 2024, ""start"": ""2024-07-01"", ""val"": 3147000000}]",f88c89890d17da17bea2dd68e56dcddc640e58a67e7c94b81d754fb3ce4c1f7d,/facts/us-gaap/OperatingIncomeLoss/units/USD
CAT,0000018230,0000018230-24-000053,2024-11-06T15:40:15.000Z,2024-09-30,stock_based_compensation,us-gaap:ShareBasedCompensation,USD,no_selected_accession_observation,,[],f88c89890d17da17bea2dd68e56dcddc640e58a67e7c94b81d754fb3ce4c1f7d,/facts/us-gaap/ShareBasedCompensation/units/USD
CAT,0000018230,0000018230-24-000053,2024-11-06T15:40:15.000Z,2024-09-30,basic_shares,dei:EntityCommonStockSharesOutstanding,shares,selected_by_baseline,482802488,"[{""accn"": ""0000018230-24-000053"", ""end"": ""2024-09-30"", ""filed"": ""2024-11-06"", ""form"": ""10-Q"", ""fp"": ""Q3"", ""frame"": ""CY2024Q3I"", ""fy"": 2024, ""val"": 482802488}]",f88c89890d17da17bea2dd68e56dcddc640e58a67e7c94b81d754fb3ce4c1f7d,/facts/dei/EntityCommonStockSharesOutstanding/units/shares
CAT,0000018230,0000018230-24-000053,2024-11-06T15:40:15.000Z,2024-09-30,diluted_shares,us-gaap:WeightedAverageNumberOfDilutedSharesOutstanding,shares,baseline_requires_frame_but_source_has_none,,"[{""accn"": ""0000018230-24-000053"", ""end"": ""2023-09-30"", ""filed"": ""2024-11-06"", ""form"": ""10-Q"", ""fp"": ""Q3"", ""fy"": 2024, ""start"": ""2023-01-01"", ""val"": 515700000}, {""accn"": ""0000018230-24-000053"", ""end"": ""2023-09-30"", ""filed"": ""2024-11-06"", ""form"": ""10-Q"", ""fp"": ""Q3"", ""frame"": ""CY2023Q3"", ""fy"": 2024, ""start"": ""2023-07-01"", ""val"": 512600000}, {""accn"": ""0000018230-24-000053"", ""end"": ""2024-09-30"", ""filed"": ""2024-11-06"", ""form"": ""10-Q"", ""fp"": ""Q3"", ""fy"": 2024, ""start"": ""2024-01-01"", ""val"": 491700000}, {""accn"": ""0000018230-24-000053"", ""end"": ""2024-09-30"", ""filed"": ""2024-11-06"", ""form"": ""10-Q"", ""fp"": ""Q3"", ""fy"": 2024, ""start"": ""2024-07-01"", ""val"": 486700000}]",f88c89890d17da17bea2dd68e56dcddc640e58a67e7c94b81d754fb3ce4c1f7d,/facts/us-gaap/WeightedAverageNumberOfDilutedSharesOutstanding/units/shares
SNOW,0001640147,0001640147-24-000207,2024-08-29T20:18:21.000Z,2024-07-31,cash_and_cash_equivalents,us-gaap:CashAndCashEquivalentsAtCarryingValue,USD,baseline_requires_frame_but_source_has_none,,"[{""accn"": ""0001640147-24-000207"", ""end"": ""2023-07-31"", ""filed"": ""2024-08-29"", ""form"": ""10-Q"", ""fp"": ""Q2"", ""frame"": ""CY2023Q2I"", ""fy"": 2025, ""val"": 755192000}, {""accn"": ""0001640147-24-000207"", ""end"": ""2024-01-31"", ""filed"": ""2024-08-29"", ""form"": ""10-Q"", ""fp"": ""Q2"", ""fy"": 2025, ""val"": 1762749000}, {""accn"": ""0001640147-24-000207"", ""end"": ""2024-07-31"", ""filed"": ""2024-08-29"", ""form"": ""10-Q"", ""fp"": ""Q2"", ""fy"": 2025, ""val"": 1282045000}]",fd490f784c700f2df4f7c2a3f50bc27b8e6ba4f60a801baef23b093ade334bd8,/facts/us-gaap/CashAndCashEquivalentsAtCarryingValue/units/USD
SNOW,0001640147,0001640147-24-000207,2024-08-29T20:18:21.000Z,2024-07-31,cfo,us-gaap:NetCashProvidedByUsedInOperatingActivities,USD,baseline_requires_frame_but_source_has_none,,"[{""accn"": ""0001640147-24-000207"", ""end"": ""2023-07-31"", ""filed"": ""2024-08-29"", ""form"": ""10-Q"", ""fp"": ""Q2"", ""fy"": 2025, ""start"": ""2023-02-01"", ""val"": 382635000}, {""accn"": ""0001640147-24-000207"", ""end"": ""2024-07-31"", ""filed"": ""2024-08-29"", ""form"": ""10-Q"", ""fp"": ""Q2"", ""fy"": 2025, ""start"": ""2024-02-01"", ""val"": 425333000}]",fd490f784c700f2df4f7c2a3f50bc27b8e6ba4f60a801baef23b093ade334bd8,/facts/us-gaap/NetCashProvidedByUsedInOperatingActivities/units/USD
SNOW,0001640147,0001640147-24-000207,2024-08-29T20:18:21.000Z,2024-07-31,capex,us-gaap:PaymentsToAcquirePropertyPlantAndEquipment,USD,baseline_requires_frame_but_source_has_none,,"[{""accn"": ""0001640147-24-000207"", ""end"": ""2023-07-31"", ""filed"": ""2024-08-29"", ""form"": ""10-Q"", ""fp"": ""Q2"", ""fy"": 2025, ""start"": ""2023-02-01"", ""val"": 13268000}, {""accn"": ""0001640147-24-000207"", ""end"": ""2024-07-31"", ""filed"": ""2024-08-29"", ""form"": ""10-Q"", ""fp"": ""Q2"", ""fy"": 2025, ""start"": ""2024-02-01"", ""val"": 21562000}]",fd490f784c700f2df4f7c2a3f50bc27b8e6ba4f60a801baef23b093ade334bd8,/facts/us-gaap/PaymentsToAcquirePropertyPlantAndEquipment/units/USD
SNOW,0001640147,0001640147-24-000207,2024-08-29T20:18:21.000Z,2024-07-31,net_income,us-gaap:NetIncomeLoss,USD,baseline_requires_frame_but_source_has_none,,"[{""accn"": ""0001640147-24-000207"", ""end"": ""2023-07-31"", ""filed"": ""2024-08-29"", ""form"": ""10-Q"", ""fp"": ""Q2"", ""fy"": 2025, ""start"": ""2023-02-01"", ""val"": -452494000}, {""accn"": ""0001640147-24-000207"", ""end"": ""2023-07-31"", ""filed"": ""2024-08-29"", ""form"": ""10-Q"", ""fp"": ""Q2"", ""frame"": ""CY2023Q2"", ""fy"": 2025, ""start"": ""2023-05-01"", ""val"": -226867000}, {""accn"": ""0001640147-24-000207"", ""end"": ""2024-07-31"", ""filed"": ""2024-08-29"", ""form"": ""10-Q"", ""fp"": ""Q2"", ""fy"": 2025, ""start"": ""2024-02-01"", ""val"": -633887000}, {""accn"": ""0001640147-24-000207"", ""end"": ""2024-07-31"", ""filed"": ""2024-08-29"", ""form"": ""10-Q"", ""fp"": ""Q2"", ""fy"": 2025, ""start"": ""2024-05-01"", ""val"": -316899000}]",fd490f784c700f2df4f7c2a3f50bc27b8e6ba4f60a801baef23b093ade334bd8,/facts/us-gaap/NetIncomeLoss/units/USD
SNOW,0001640147,0001640147-24-000207,2024-08-29T20:18:21.000Z,2024-07-31,ebit,us-gaap:OperatingIncomeLoss,USD,baseline_requires_frame_but_source_has_none,,"[{""accn"": ""0001640147-24-000207"", ""end"": ""2023-07-31"", ""filed"": ""2024-08-29"", ""form"": ""10-Q"", ""fp"": ""Q2"", ""fy"": 2025, ""start"": ""2023-02-01"", ""val"": -558645000}, {""accn"": ""0001640147-24-000207"", ""end"": ""2023-07-31"", ""filed"": ""2024-08-29"", ""form"": ""10-Q"", ""fp"": ""Q2"", ""frame"": ""CY2023Q2"", ""fy"": 2025, ""start"": ""2023-05-01"", ""val"": -285407000}, {""accn"": ""0001640147-24-000207"", ""end"": ""2024-07-31"", ""filed"": ""2024-08-29"", ""form"": ""10-Q"", ""fp"": ""Q2"", ""fy"": 2025, ""start"": ""2024-02-01"", ""val"": -703875000}, {""accn"": ""0001640147-24-000207"", ""end"": ""2024-07-31"", ""filed"": ""2024-08-29"", ""form"": ""10-Q"", ""fp"": ""Q2"", ""fy"": 2025, ""start"": ""2024-05-01"", ""val"": -355303000}]",fd490f784c700f2df4f7c2a3f50bc27b8e6ba4f60a801baef23b093ade334bd8,/facts/us-gaap/OperatingIncomeLoss/units/USD
SNOW,0001640147,0001640147-24-000207,2024-08-29T20:18:21.000Z,2024-07-31,stock_based_compensation,us-gaap:ShareBasedCompensation,USD,baseline_requires_frame_but_source_has_none,,"[{""accn"": ""0001640147-24-000207"", ""end"": ""2023-07-31"", ""filed"": ""2024-08-29"", ""form"": ""10-Q"", ""fp"": ""Q2"", ""fy"": 2025, ""start"": ""2023-02-01"", ""val"": 564231000}, {""accn"": ""0001640147-24-000207"", ""end"": ""2024-07-31"", ""filed"": ""2024-08-29"", ""form"": ""10-Q"", ""fp"": ""Q2"", ""fy"": 2025, ""start"": ""2024-02-01"", ""val"": 687936000}]",fd490f784c700f2df4f7c2a3f50bc27b8e6ba4f60a801baef23b093ade334bd8,/facts/us-gaap/ShareBasedCompensation/units/USD
SNOW,0001640147,0001640147-24-000207,2024-08-29T20:18:21.000Z,2024-07-31,basic_shares,dei:EntityCommonStockSharesOutstanding,shares,report_end_or_fiscal_context_mismatch,,"[{""accn"": ""0001640147-24-000207"", ""end"": ""2024-08-20"", ""filed"": ""2024-08-29"", ""form"": ""10-Q"", ""fp"": ""Q2"", ""frame"": ""CY2024Q3I"", ""fy"": 2025, ""val"": 335200000}]",fd490f784c700f2df4f7c2a3f50bc27b8e6ba4f60a801baef23b093ade334bd8,/facts/dei/EntityCommonStockSharesOutstanding/units/shares
SNOW,0001640147,0001640147-24-000207,2024-08-29T20:18:21.000Z,2024-07-31,diluted_shares,us-gaap:WeightedAverageNumberOfDilutedSharesOutstanding,shares,no_selected_accession_observation,,[],fd490f784c700f2df4f7c2a3f50bc27b8e6ba4f60a801baef23b093ade334bd8,/facts/us-gaap/WeightedAverageNumberOfDilutedSharesOutstanding/units/shares
PARA,0000813828,0000813828-24-000079,2024-11-08T14:53:42.000Z,2024-09-30,cash_and_cash_equivalents,us-gaap:CashAndCashEquivalentsAtCarryingValue,USD,selected_by_baseline,2443000000,"[{""accn"": ""0000813828-24-000079"", ""end"": ""2023-12-31"", ""filed"": ""2024-11-08"", ""form"": ""10-Q"", ""fp"": ""Q3"", ""fy"": 2024, ""val"": 2460000000}, {""accn"": ""0000813828-24-000079"", ""end"": ""2024-09-30"", ""filed"": ""2024-11-08"", ""form"": ""10-Q"", ""fp"": ""Q3"", ""frame"": ""CY2024Q3I"", ""fy"": 2024, ""val"": 2443000000}]",baa838b2881cdc10a49c107f63ea26b570b955e4ab8f51a557891ca15da5b8b6,/facts/us-gaap/CashAndCashEquivalentsAtCarryingValue/units/USD
PARA,0000813828,0000813828-24-000079,2024-11-08T14:53:42.000Z,2024-09-30,cfo,us-gaap:NetCashProvidedByUsedInOperatingActivities,USD,baseline_requires_frame_but_source_has_none,,"[{""accn"": ""0000813828-24-000079"", ""end"": ""2023-09-30"", ""filed"": ""2024-11-08"", ""form"": ""10-Q"", ""fp"": ""Q3"", ""fy"": 2024, ""start"": ""2023-01-01"", ""val"": 31000000}, {""accn"": ""0000813828-24-000079"", ""end"": ""2024-09-30"", ""filed"": ""2024-11-08"", ""form"": ""10-Q"", ""fp"": ""Q3"", ""fy"": 2024, ""start"": ""2024-01-01"", ""val"": 584000000}]",baa838b2881cdc10a49c107f63ea26b570b955e4ab8f51a557891ca15da5b8b6,/facts/us-gaap/NetCashProvidedByUsedInOperatingActivities/units/USD
PARA,0000813828,0000813828-24-000079,2024-11-08T14:53:42.000Z,2024-09-30,capex,us-gaap:PaymentsToAcquirePropertyPlantAndEquipment,USD,baseline_requires_frame_but_source_has_none,,"[{""accn"": ""0000813828-24-000079"", ""end"": ""2023-09-30"", ""filed"": ""2024-11-08"", ""form"": ""10-Q"", ""fp"": ""Q3"", ""fy"": 2024, ""start"": ""2023-01-01"", ""val"": 213000000}, {""accn"": ""0000813828-24-000079"", ""end"": ""2024-09-30"", ""filed"": ""2024-11-08"", ""form"": ""10-Q"", ""fp"": ""Q3"", ""fy"": 2024, ""start"": ""2024-01-01"", ""val"": 151000000}]",baa838b2881cdc10a49c107f63ea26b570b955e4ab8f51a557891ca15da5b8b6,/facts/us-gaap/PaymentsToAcquirePropertyPlantAndEquipment/units/USD
PARA,0000813828,0000813828-24-000079,2024-11-08T14:53:42.000Z,2024-09-30,net_income,us-gaap:NetIncomeLoss,USD,selected_by_baseline,1000000,"[{""accn"": ""0000813828-24-000079"", ""end"": ""2023-09-30"", ""filed"": ""2024-11-08"", ""form"": ""10-Q"", ""fp"": ""Q3"", ""fy"": 2024, ""start"": ""2023-01-01"", ""val"": -1122000000}, {""accn"": ""0000813828-24-000079"", ""end"": ""2023-09-30"", ""filed"": ""2024-11-08"", ""form"": ""10-Q"", ""fp"": ""Q3"", ""frame"": ""CY2023Q3"", ""fy"": 2024, ""start"": ""2023-07-01"", ""val"": 295000000}, {""accn"": ""0000813828-24-000079"", ""end"": ""2024-09-30"", ""filed"": ""2024-11-08"", ""form"": ""10-Q"", ""fp"": ""Q3"", ""fy"": 2024, ""start"": ""2024-01-01"", ""val"": -5966000000}, {""accn"": ""0000813828-24-000079"", ""end"": ""2024-09-30"", ""filed"": ""2024-11-08"", ""form"": ""10-Q"", ""fp"": ""Q3"", ""frame"": ""CY2024Q3"", ""fy"": 2024, ""start"": ""2024-07-01"", ""val"": 1000000}]",baa838b2881cdc10a49c107f63ea26b570b955e4ab8f51a557891ca15da5b8b6,/facts/us-gaap/NetIncomeLoss/units/USD
PARA,0000813828,0000813828-24-000079,2024-11-08T14:53:42.000Z,2024-09-30,ebit,us-gaap:OperatingIncomeLoss,USD,selected_by_baseline,337000000,"[{""accn"": ""0000813828-24-000079"", ""end"": ""2023-09-30"", ""filed"": ""2024-11-08"", ""form"": ""10-Q"", ""fp"": ""Q3"", ""fy"": 2024, ""start"": ""2023-01-01"", ""val"": -855000000}, {""accn"": ""0000813828-24-000079"", ""end"": ""2023-09-30"", ""filed"": ""2024-11-08"", ""form"": ""10-Q"", ""fp"": ""Q3"", ""frame"": ""CY2023Q3"", ""fy"": 2024, ""start"": ""2023-07-01"", ""val"": 621000000}, {""accn"": ""0000813828-24-000079"", ""end"": ""2024-09-30"", ""filed"": ""2024-11-08"", ""form"": ""10-Q"", ""fp"": ""Q3"", ""fy"": 2024, ""start"": ""2024-01-01"", ""val"": -5398000000}, {""accn"": ""0000813828-24-000079"", ""end"": ""2024-09-30"", ""filed"": ""2024-11-08"", ""form"": ""10-Q"", ""fp"": ""Q3"", ""frame"": ""CY2024Q3"", ""fy"": 2024, ""start"": ""2024-07-01"", ""val"": 337000000}]",baa838b2881cdc10a49c107f63ea26b570b955e4ab8f51a557891ca15da5b8b6,/facts/us-gaap/OperatingIncomeLoss/units/USD
PARA,0000813828,0000813828-24-000079,2024-11-08T14:53:42.000Z,2024-09-30,stock_based_compensation,us-gaap:ShareBasedCompensation,USD,baseline_requires_frame_but_source_has_none,,"[{""accn"": ""0000813828-24-000079"", ""end"": ""2023-09-30"", ""filed"": ""2024-11-08"", ""form"": ""10-Q"", ""fp"": ""Q3"", ""fy"": 2024, ""start"": ""2023-01-01"", ""val"": 131000000}, {""accn"": ""0000813828-24-000079"", ""end"": ""2024-09-30"", ""filed"": ""2024-11-08"", ""form"": ""10-Q"", ""fp"": ""Q3"", ""fy"": 2024, ""start"": ""2024-01-01"", ""val"": 175000000}]",baa838b2881cdc10a49c107f63ea26b570b955e4ab8f51a557891ca15da5b8b6,/facts/us-gaap/ShareBasedCompensation/units/USD
PARA,0000813828,0000813828-24-000079,2024-11-08T14:53:42.000Z,2024-09-30,basic_shares,dei:EntityCommonStockSharesOutstanding,shares,no_selected_accession_observation,,[],baa838b2881cdc10a49c107f63ea26b570b955e4ab8f51a557891ca15da5b8b6,/facts/dei/EntityCommonStockSharesOutstanding/units/shares
PARA,0000813828,0000813828-24-000079,2024-11-08T14:53:42.000Z,2024-09-30,diluted_shares,us-gaap:WeightedAverageNumberOfDilutedSharesOutstanding,shares,selected_by_baseline,670000000,"[{""accn"": ""0000813828-24-000079"", ""end"": ""2023-09-30"", ""filed"": ""2024-11-08"", ""form"": ""10-Q"", ""fp"": ""Q3"", ""fy"": 2024, ""start"": ""2023-01-01"", ""val"": 651000000}, {""accn"": ""0000813828-24-000079"", ""end"": ""2023-09-30"", ""filed"": ""2024-11-08"", ""form"": ""10-Q"", ""fp"": ""Q3"", ""frame"": ""CY2023Q3"", ""fy"": 2024, ""start"": ""2023-07-01"", ""val"": 652000000}, {""accn"": ""0000813828-24-000079"", ""end"": ""2024-09-30"", ""filed"": ""2024-11-08"", ""form"": ""10-Q"", ""fp"": ""Q3"", ""fy"": 2024, ""start"": ""2024-01-01"", ""val"": 663000000}, {""accn"": ""0000813828-24-000079"", ""end"": ""2024-09-30"", ""filed"": ""2024-11-08"", ""form"": ""10-Q"", ""fp"": ""Q3"", ""frame"": ""CY2024Q3"", ""fy"": 2024, ""start"": ""2024-07-01"", ""val"": 670000000}]",baa838b2881cdc10a49c107f63ea26b570b955e4ab8f51a557891ca15da5b8b6,/facts/us-gaap/WeightedAverageNumberOfDilutedSharesOutstanding/units/shares
TSM,0001046179,0001193125-24-099840,2024-04-18T10:27:53.000Z,2023-12-31,cash_and_cash_equivalents,us-gaap:CashAndCashEquivalentsAtCarryingValue,USD,taxonomy_or_unit_absent_in_archive,,[],de9f70f5b67b733eb16f926833553ff624146f419ef4692c745e8df9084b8ca8,/facts/us-gaap/CashAndCashEquivalentsAtCarryingValue/units/USD
TSM,0001046179,0001193125-24-099840,2024-04-18T10:27:53.000Z,2023-12-31,cfo,us-gaap:NetCashProvidedByUsedInOperatingActivities,USD,taxonomy_or_unit_absent_in_archive,,[],de9f70f5b67b733eb16f926833553ff624146f419ef4692c745e8df9084b8ca8,/facts/us-gaap/NetCashProvidedByUsedInOperatingActivities/units/USD
TSM,0001046179,0001193125-24-099840,2024-04-18T10:27:53.000Z,2023-12-31,capex,us-gaap:PaymentsToAcquirePropertyPlantAndEquipment,USD,taxonomy_or_unit_absent_in_archive,,[],de9f70f5b67b733eb16f926833553ff624146f419ef4692c745e8df9084b8ca8,/facts/us-gaap/PaymentsToAcquirePropertyPlantAndEquipment/units/USD
TSM,0001046179,0001193125-24-099840,2024-04-18T10:27:53.000Z,2023-12-31,net_income,us-gaap:NetIncomeLoss,USD,taxonomy_or_unit_absent_in_archive,,[],de9f70f5b67b733eb16f926833553ff624146f419ef4692c745e8df9084b8ca8,/facts/us-gaap/NetIncomeLoss/units/USD
TSM,0001046179,0001193125-24-099840,2024-04-18T10:27:53.000Z,2023-12-31,ebit,us-gaap:OperatingIncomeLoss,USD,taxonomy_or_unit_absent_in_archive,,[],de9f70f5b67b733eb16f926833553ff624146f419ef4692c745e8df9084b8ca8,/facts/us-gaap/OperatingIncomeLoss/units/USD
TSM,0001046179,0001193125-24-099840,2024-04-18T10:27:53.000Z,2023-12-31,stock_based_compensation,us-gaap:ShareBasedCompensation,USD,taxonomy_or_unit_absent_in_archive,,[],de9f70f5b67b733eb16f926833553ff624146f419ef4692c745e8df9084b8ca8,/facts/us-gaap/ShareBasedCompensation/units/USD
TSM,0001046179,0001193125-24-099840,2024-04-18T10:27:53.000Z,2023-12-31,basic_shares,dei:EntityCommonStockSharesOutstanding,shares,selected_by_baseline,25932070992,"[{""accn"": ""0001193125-24-099840"", ""end"": ""2023-12-31"", ""filed"": ""2024-04-18"", ""form"": ""20-F"", ""fp"": ""FY"", ""frame"": ""CY2023Q4I"", ""fy"": 2023, ""val"": 25932070992}]",de9f70f5b67b733eb16f926833553ff624146f419ef4692c745e8df9084b8ca8,/facts/dei/EntityCommonStockSharesOutstanding/units/shares
TSM,0001046179,0001193125-24-099840,2024-04-18T10:27:53.000Z,2023-12-31,diluted_shares,us-gaap:WeightedAverageNumberOfDilutedSharesOutstanding,shares,taxonomy_or_unit_absent_in_archive,,[],de9f70f5b67b733eb16f926833553ff624146f419ef4692c745e8df9084b8ca8,/facts/us-gaap/WeightedAverageNumberOfDilutedSharesOutstanding/units/shares
JPM,0000019617,,,,filing_selection,,,SEC submissions has no cutoff-visible annual or quarterly filing,,,51275fb553fac8e13e8ee0e8996f5da9638300b34a638430d21feb75156b64e3,/filings/recent
