event_id,threshold,entry_date,triggered,low_date,days_from_low,entry_drawdown,low_drawdown,fwd_21d,fwd_63d
1,8,2018-02-14T00:00:00,True,2018-02-08T00:00:00,6.0,-0.04826532350761237,-0.10226426618565776,0.05126619541621036,0.04041157753258151
2,8,2018-03-29T00:00:00,True,2018-04-02T00:00:00,-4.0,-0.07864336569675168,-0.10522597980872284,0.00505846545880595,0.0713569995267298
3,8,2018-10-15T00:00:00,True,2018-12-24T00:00:00,-70.0,-0.07614889730380203,-0.22796623824208295,-0.03333146890217231,-0.05455862260168931
4,8,2019-05-15T00:00:00,True,2019-06-03T00:00:00,-19.0,-0.041965090915404346,-0.1098320321251457,-0.0024577866067228005,0.0004042727446982308
5,8,2019-08-08T00:00:00,True,2019-08-05T00:00:00,3.0,-0.03599772080589447,-0.0745557450174823,0.01556344896810713,0.06322559197212207
6,8,2020-03-03T00:00:00,True,2020-03-16T00:00:00,-13.0,-0.11604351145084124,-0.2855936425707133,-0.12784743683676836,0.12722992200971595
7,8,2020-09-11T00:00:00,True,2020-09-23T00:00:00,-12.0,-0.10671832331724318,-0.12749406591375545,0.08903658286681093,0.11857984144563649
8,8,2021-03-01T00:00:00,True,2021-03-08T00:00:00,-7.0,-0.038222468313070634,-0.10851519618796535,-0.027420232339187334,0.033257205256977285
9,8,2021-05-18T00:00:00,True,2021-05-12T00:00:00,6.0,-0.057864297839245515,-0.0734481816853787,0.07175232615091631,0.1363489408591525
10,8,2021-10-05T00:00:00,True,2021-10-04T00:00:00,1.0,-0.06368278297645913,-0.07615393977967622,0.10017333121572936,0.11079644906996955
11,8,2022-01-13T00:00:00,True,2022-11-03T00:00:00,-294.0,-0.06399319840814144,-0.35118714912770055,-0.07988647216951694,-0.10276847024338476
12,8,2023-08-23T00:00:00,True,2023-08-18T00:00:00,5.0,-0.04311200511502322,-0.07157651690455447,-0.028939471535988637,0.05397397856828956
13,8,2023-09-28T00:00:00,True,2023-10-26T00:00:00,-28.0,-0.0705442391471377,-0.10779945251606837,-0.03547395298771305,0.15175062600456712
14,8,2024-04-23T00:00:00,True,2024-04-19T00:00:00,4.0,-0.04773964218465521,-0.07108293455329961,0.07208234694011018,0.09185904059362349
15,8,2024-07-26T00:00:00,True,2024-08-07T00:00:00,-12.0,-0.0795092148067198,-0.13557739553521508,0.026718634424276466,0.06488922548258502
16,8,2025-03-14T00:00:00,True,2025-04-08T00:00:00,-25.0,-0.11095060219336861,-0.22768317249200065,-0.044818749659484625,0.10024978607620505
17,8,2025-11-24T00:00:00,True,2025-11-20T00:00:00,4.0,-0.048146339573963415,-0.07880207882684143,0.03234493626135082,0.008039087922823374
18,8,2026-03-17T00:00:00,True,2026-03-30T00:00:00,-13.0,-0.04983357013593237,-0.11964363794311839,0.06293207844040771,0.2112848489445558
19,8,2026-06-12T00:00:00,True,2026-06-10T00:00:00,2.0,-0.03326360492201519,-0.07031997684181479,,
1,9,2018-02-23T00:00:00,True,2018-02-08T00:00:00,15.0,-0.01614692984875321,-0.10226426618565776,-0.020832051562916565,0.00984169680144853
2,9,2018-04-05T00:00:00,True,2018-04-02T00:00:00,3.0,-0.0756513727357766,-0.10522597980872284,0.026268315166899203,0.07868115173870138
3,9,2018-10-17T00:00:00,True,2018-12-24T00:00:00,-68.0,-0.04889682231657422,-0.22796623824208295,-0.05189192775862461,-0.0652443402717292
4,9,2019-05-15T00:00:00,True,2019-06-03T00:00:00,-19.0,-0.041965090915404346,-0.1098320321251457,-0.0024577866067228005,0.0004042727446982308
5,9,2019-08-13T00:00:00,True,2019-08-05T00:00:00,8.0,-0.03533215439673609,-0.0745557450174823,0.025691316562110655,0.06887446929852348
6,9,2020-03-05T00:00:00,True,2020-03-16T00:00:00,-11.0,-0.1071398544414578,-0.2855936425707133,-0.13152421822947857,0.11314762745417362
7,9,2020-09-11T00:00:00,True,2020-09-23T00:00:00,-12.0,-0.10671832331724318,-0.12749406591375545,0.08903658286681093,0.11857984144563649
8,9,2021-03-01T00:00:00,True,2021-03-08T00:00:00,-7.0,-0.038222468313070634,-0.10851519618796535,-0.027420232339187334,0.033257205256977285
9,9,2021-05-18T00:00:00,True,2021-05-12T00:00:00,6.0,-0.057864297839245515,-0.0734481816853787,0.07175232615091631,0.1363489408591525
10,9,2021-10-05T00:00:00,True,2021-10-04T00:00:00,1.0,-0.06368278297645913,-0.07615393977967622,0.10017333121572936,0.11079644906996955
11,9,2022-01-13T00:00:00,True,2022-11-03T00:00:00,-294.0,-0.06399319840814144,-0.35118714912770055,-0.07988647216951694,-0.10276847024338476
12,9,2023-08-23T00:00:00,True,2023-08-18T00:00:00,5.0,-0.04311200511502322,-0.07157651690455447,-0.028939471535988637,0.05397397856828956
13,9,2023-09-28T00:00:00,True,2023-10-26T00:00:00,-28.0,-0.0705442391471377,-0.10779945251606837,-0.03547395298771305,0.15175062600456712
14,9,2024-04-23T00:00:00,True,2024-04-19T00:00:00,4.0,-0.04773964218465521,-0.07108293455329961,0.07208234694011018,0.09185904059362349
15,9,2024-07-26T00:00:00,True,2024-08-07T00:00:00,-12.0,-0.0795092148067198,-0.13557739553521508,0.026718634424276466,0.06488922548258502
16,9,2025-03-14T00:00:00,True,2025-04-08T00:00:00,-25.0,-0.11095060219336861,-0.22768317249200065,-0.044818749659484625,0.10024978607620505
17,9,2025-11-24T00:00:00,True,2025-11-20T00:00:00,4.0,-0.048146339573963415,-0.07880207882684143,0.03234493626135082,0.008039087922823374
18,9,2026-03-17T00:00:00,True,2026-03-30T00:00:00,-13.0,-0.04983357013593237,-0.11964363794311839,0.06293207844040771,0.2112848489445558
19,9,2026-06-12T00:00:00,True,2026-06-10T00:00:00,2.0,-0.03326360492201519,-0.07031997684181479,,
1,10,2018-02-23T00:00:00,True,2018-02-08T00:00:00,15.0,-0.01614692984875321,-0.10226426618565776,-0.020832051562916565,0.00984169680144853
2,10,2018-04-10T00:00:00,True,2018-04-02T00:00:00,8.0,-0.07242913389034256,-0.10522597980872284,0.041374655123042725,0.1022855924048669
3,10,2018-10-17T00:00:00,True,2018-12-24T00:00:00,-68.0,-0.04889682231657422,-0.22796623824208295,-0.05189192775862461,-0.0652443402717292
4,10,2019-05-15T00:00:00,True,2019-06-03T00:00:00,-19.0,-0.041965090915404346,-0.1098320321251457,-0.0024577866067228005,0.0004042727446982308
5,10,2019-08-13T00:00:00,True,2019-08-05T00:00:00,8.0,-0.03533215439673609,-0.0745557450174823,0.025691316562110655,0.06887446929852348
6,10,2020-03-05T00:00:00,True,2020-03-16T00:00:00,-11.0,-0.1071398544414578,-0.2855936425707133,-0.13152421822947857,0.11314762745417362
7,10,2020-09-14T00:00:00,True,2020-09-23T00:00:00,-9.0,-0.0911616665486299,-0.12749406591375545,0.07035907784822992,0.09699815330474215
8,10,2021-03-10T00:00:00,True,2021-03-08T00:00:00,2.0,-0.07599906872727158,-0.10851519618796535,0.08574255474132819,0.08487319090394374
9,10,2021-05-20T00:00:00,True,2021-05-12T00:00:00,8.0,-0.038537200035457686,-0.0734481816853787,0.04844296852351615,0.1081171438517401
10,10,2021-10-05T00:00:00,True,2021-10-04T00:00:00,1.0,-0.06368278297645913,-0.07615393977967622,0.10017333121572936,0.11079644906996955
11,10,2022-01-13T00:00:00,True,2022-11-03T00:00:00,-294.0,-0.06399319840814144,-0.35118714912770055,-0.07988647216951694,-0.10276847024338476
12,10,2023-08-23T00:00:00,True,2023-08-18T00:00:00,5.0,-0.04311200511502322,-0.07157651690455447,-0.028939471535988637,0.05397397856828956
13,10,2023-09-28T00:00:00,True,2023-10-26T00:00:00,-28.0,-0.0705442391471377,-0.10779945251606837,-0.03547395298771305,0.15175062600456712
14,10,2024-04-26T00:00:00,True,2024-04-19T00:00:00,7.0,-0.03445481633492142,-0.07108293455329961,0.06654278569511596,0.0780447254260439
15,10,2024-07-31T00:00:00,True,2024-08-07T00:00:00,-7.0,-0.06340474701755605,-0.13557739553521508,-0.000870329824563254,0.06324505830064231
16,10,2025-03-14T00:00:00,True,2025-04-08T00:00:00,-25.0,-0.11095060219336861,-0.22768317249200065,-0.044818749659484625,0.10024978607620505
17,10,2025-11-24T00:00:00,True,2025-11-20T00:00:00,4.0,-0.048146339573963415,-0.07880207882684143,0.03234493626135082,0.008039087922823374
18,10,2026-03-19T00:00:00,True,2026-03-30T00:00:00,-11.0,-0.0660395011015994,-0.11964363794311839,0.09204663250921885,0.25047022887910964
19,10,2026-06-12T00:00:00,True,2026-06-10T00:00:00,2.0,-0.03326360492201519,-0.07031997684181479,,
1,11,,False,2018-02-08T00:00:00,,,-0.10226426618565776,,
2,11,2018-04-11T00:00:00,True,2018-04-02T00:00:00,9.0,-0.07778024451427834,-0.10522597980872284,0.058273108080799885,0.10305497656794205
3,11,2018-11-21T00:00:00,True,2018-12-24T00:00:00,-33.0,-0.13966679833000217,-0.22796623824208295,-0.10263400243147913,0.0862192698467108
4,11,2019-05-16T00:00:00,True,2019-06-03T00:00:00,-18.0,-0.03233733005635653,-0.1098320321251457,-0.006434629529407321,-0.010687117853567352
5,11,2019-08-13T00:00:00,True,2019-08-05T00:00:00,8.0,-0.03533215439673609,-0.0745557450174823,0.025691316562110655,0.06887446929852348
6,11,2020-03-23T00:00:00,True,2020-03-16T00:00:00,7.0,-0.27916583588742905,-0.2855936425707133,0.2376511821772609,0.45001226679177186
7,11,2020-09-14T00:00:00,True,2020-09-23T00:00:00,-9.0,-0.0911616665486299,-0.12749406591375545,0.07035907784822992,0.09699815330474215
8,11,2021-03-11T00:00:00,True,2021-03-08T00:00:00,3.0,-0.05471836260893148,-0.10851519618796535,0.059914812639841886,0.07150009539596769
9,11,2021-05-20T00:00:00,True,2021-05-12T00:00:00,8.0,-0.038537200035457686,-0.0734481816853787,0.04844296852351615,0.1081171438517401
10,11,2021-10-06T00:00:00,True,2021-10-04T00:00:00,2.0,-0.0576831017853876,-0.07615393977967622,0.10718154526108115,0.06981624628489258
11,11,2022-01-31T00:00:00,True,2022-11-03T00:00:00,-276.0,-0.10020312252778507,-0.35118714912770055,-0.043602764489804824,-0.12168085943443974
12,11,2023-08-24T00:00:00,True,2023-08-18T00:00:00,6.0,-0.06356614132175509,-0.07157651690455447,-0.003015903442952328,0.08140377690652634
13,11,2023-09-28T00:00:00,True,2023-10-26T00:00:00,-28.0,-0.0705442391471377,-0.10779945251606837,-0.03547395298771305,0.15175062600456712
14,11,2024-05-02T00:00:00,True,2024-04-19T00:00:00,13.0,-0.04363999038762467,-0.07108293455329961,0.06144300162883809,0.05285370794173061
15,11,2024-07-31T00:00:00,True,2024-08-07T00:00:00,-7.0,-0.06340474701755605,-0.13557739553521508,-0.000870329824563254,0.06324505830064231
16,11,2025-03-17T00:00:00,True,2025-04-08T00:00:00,-22.0,-0.10518635655204045,-0.22768317249200065,-0.0499140168927209,0.10836800986441464
17,11,2025-11-25T00:00:00,True,2025-11-20T00:00:00,5.0,-0.04227942912234528,-0.07880207882684143,0.025955187793009316,-0.0013426901107241873
18,11,2026-04-06T00:00:00,True,2026-03-30T00:00:00,7.0,-0.07198946750344415,-0.11964363794311839,0.15821573187698568,
19,11,2026-06-15T00:00:00,True,2026-06-10T00:00:00,5.0,-0.002894773153374275,-0.07031997684181479,,
1,12,,False,2018-02-08T00:00:00,,,-0.10226426618565776,,
2,12,2018-04-12T00:00:00,True,2018-04-02T00:00:00,10.0,-0.06667530127308297,-0.10522597980872284,0.04469501611051663,0.10871134415858741
3,12,2018-11-27T00:00:00,True,2018-12-24T00:00:00,-27.0,-0.12319741744975399,-0.22796623824208295,-0.06138222882277122,0.07004997644100852
4,12,2019-05-21T00:00:00,True,2019-06-03T00:00:00,-13.0,-0.048558164723841446,-0.1098320321251457,0.03860738871214897,0.030541792919611455
5,12,2019-08-21T00:00:00,True,2019-08-05T00:00:00,16.0,-0.034103309827683836,-0.0745557450174823,0.011504091655375692,0.08031675764062718
6,12,2020-03-24T00:00:00,True,2020-03-16T00:00:00,8.0,-0.2233461662946582,-0.2855936425707133,0.14624848879750907,0.357251024706815
7,12,2020-09-15T00:00:00,True,2020-09-23T00:00:00,-8.0,-0.07828039427136035,-0.12749406591375545,0.0465853357415682,0.08951531764359477
8,12,2021-03-11T00:00:00,True,2021-03-08T00:00:00,3.0,-0.05471836260893148,-0.10851519618796535,0.059914812639841886,0.07150009539596769
9,12,2021-05-20T00:00:00,True,2021-05-12T00:00:00,8.0,-0.038537200035457686,-0.0734481816853787,0.04844296852351615,0.1081171438517401
10,12,2021-10-14T00:00:00,True,2021-10-04T00:00:00,10.0,-0.039448202148890665,-0.07615393977967622,0.07656232262762774,0.03140036625721532
11,12,2022-01-31T00:00:00,True,2022-11-03T00:00:00,-276.0,-0.10020312252778507,-0.35118714912770055,-0.043602764489804824,-0.12168085943443974
12,12,2023-08-24T00:00:00,True,2023-08-18T00:00:00,6.0,-0.06356614132175509,-0.07157651690455447,-0.003015903442952328,0.08140377690652634
13,12,2023-10-16T00:00:00,True,2023-10-26T00:00:00,-10.0,-0.0409480373239568,-0.10779945251606837,0.043095805340046756,0.10510826682020746
14,12,,False,2024-04-19T00:00:00,,,-0.07108293455329961,,
15,12,2024-07-31T00:00:00,True,2024-08-07T00:00:00,-7.0,-0.06340474701755605,-0.13557739553521508,-0.000870329824563254,0.06324505830064231
16,12,2025-03-17T00:00:00,True,2025-04-08T00:00:00,-22.0,-0.10518635655204045,-0.22768317249200065,-0.0499140168927209,0.10836800986441464
17,12,2025-11-28T00:00:00,True,2025-11-20T00:00:00,8.0,-0.025984179286770992,-0.07880207882684143,0.0015793064070082075,-0.027282975700147594
18,12,2026-04-06T00:00:00,True,2026-03-30T00:00:00,7.0,-0.07198946750344415,-0.11964363794311839,0.15821573187698568,
19,12,,False,2026-06-10T00:00:00,,,-0.07031997684181479,,
1,13,,False,2018-02-08T00:00:00,,,-0.10226426618565776,,
2,13,2018-04-13T00:00:00,True,2018-04-02T00:00:00,11.0,-0.0715086132513496,-0.10522597980872284,0.051930503008446705,0.1154146894196646
3,13,2018-12-31T00:00:00,True,2018-12-24T00:00:00,7.0,-0.17007707377921522,-0.22796623824208295,0.0901073631946252,0.18671372567058087
4,13,2019-06-06T00:00:00,True,2019-06-03T00:00:00,3.0,-0.07063977840674418,-0.1098320321251457,0.0704882299268188,0.08216880145839633
5,13,,False,2019-08-05T00:00:00,,,-0.0745557450174823,,
6,13,2020-03-24T00:00:00,True,2020-03-16T00:00:00,8.0,-0.2233461662946582,-0.2855936425707133,0.14624848879750907,0.357251024706815
7,13,2020-09-15T00:00:00,True,2020-09-23T00:00:00,-8.0,-0.07828039427136035,-0.12749406591375545,0.0465853357415682,0.08951531764359477
8,13,,False,2021-03-08T00:00:00,,,-0.10851519618796535,,
9,13,2021-05-26T00:00:00,True,2021-05-12T00:00:00,14.0,-0.023040763705856393,-0.0734481816853787,0.04709360435798238,0.12302060649642077
10,13,,False,2021-10-04T00:00:00,,,-0.07615393977967622,,
11,13,2022-01-31T00:00:00,True,2022-11-03T00:00:00,-276.0,-0.10020312252778507,-0.35118714912770055,-0.043602764489804824,-0.12168085943443974
12,13,,False,2023-08-18T00:00:00,,,-0.07157651690455447,,
13,13,2023-10-16T00:00:00,True,2023-10-26T00:00:00,-10.0,-0.0409480373239568,-0.10779945251606837,0.043095805340046756,0.10510826682020746
14,13,,False,2024-04-19T00:00:00,,,-0.07108293455329961,,
15,13,2024-08-13T00:00:00,True,2024-08-07T00:00:00,6.0,-0.0802847538551017,-0.13557739553521508,0.023001490749712028,0.11237420924334152
16,13,2025-03-19T00:00:00,True,2025-04-08T00:00:00,-20.0,-0.10867072972672642,-0.22768317249200065,-0.07512691672935301,0.10166303974373592
17,13,2025-11-28T00:00:00,True,2025-11-20T00:00:00,8.0,-0.025984179286770992,-0.07880207882684143,0.0015793064070082075,-0.027282975700147594
18,13,2026-04-09T00:00:00,True,2026-03-30T00:00:00,10.0,-0.03778631419083178,-0.11964363794311839,0.1655876469338886,
19,13,,False,2026-06-10T00:00:00,,,-0.07031997684181479,,
1,14,,False,2018-02-08T00:00:00,,,-0.10226426618565776,,
2,14,,False,2018-04-02T00:00:00,,,-0.10522597980872284,,
3,14,2019-01-04T00:00:00,True,2018-12-24T00:00:00,11.0,-0.15947863382638017,-0.22796623824208295,0.09473190511700791,0.1841263606261565
4,14,,False,2019-06-03T00:00:00,,,-0.1098320321251457,,
5,14,,False,2019-08-05T00:00:00,,,-0.0745557450174823,,
6,14,,False,2020-03-16T00:00:00,,,-0.2855936425707133,,
7,14,,False,2020-09-23T00:00:00,,,-0.12749406591375545,,
8,14,,False,2021-03-08T00:00:00,,,-0.10851519618796535,,
9,14,,False,2021-05-12T00:00:00,,,-0.0734481816853787,,
10,14,,False,2021-10-04T00:00:00,,,-0.07615393977967622,,
11,14,2022-02-01T00:00:00,True,2022-11-03T00:00:00,-275.0,-0.09408130110378143,-0.35118714912770055,-0.06363553659782095,-0.12668497594761252
12,14,,False,2023-08-18T00:00:00,,,-0.07157651690455447,,
13,14,2023-11-01T00:00:00,True,2023-10-26T00:00:00,6.0,-0.07327030890171327,-0.10779945251606837,0.09239119152419817,0.20487727763289043
14,14,,False,2024-04-19T00:00:00,,,-0.07108293455329961,,
15,14,,False,2024-08-07T00:00:00,,,-0.13557739553521508,,
16,14,2025-03-21T00:00:00,True,2025-04-08T00:00:00,-18.0,-0.10876350198166784,-0.22768317249200065,-0.07423913328427023,0.10856172069466674
17,14,,False,2025-11-20T00:00:00,,,-0.07880207882684143,,
18,14,,False,2026-03-30T00:00:00,,,-0.11964363794311839,,
19,14,,False,2026-06-10T00:00:00,,,-0.07031997684181479,,
1,15,,False,2018-02-08T00:00:00,,,-0.10226426618565776,,
2,15,,False,2018-04-02T00:00:00,,,-0.10522597980872284,,
3,15,2019-01-04T00:00:00,True,2018-12-24T00:00:00,11.0,-0.15947863382638017,-0.22796623824208295,0.09473190511700791,0.1841263606261565
4,15,,False,2019-06-03T00:00:00,,,-0.1098320321251457,,
5,15,,False,2019-08-05T00:00:00,,,-0.0745557450174823,,
6,15,,False,2020-03-16T00:00:00,,,-0.2855936425707133,,
7,15,,False,2020-09-23T00:00:00,,,-0.12749406591375545,,
8,15,,False,2021-03-08T00:00:00,,,-0.10851519618796535,,
9,15,,False,2021-05-12T00:00:00,,,-0.0734481816853787,,
10,15,,False,2021-10-04T00:00:00,,,-0.07615393977967622,,
11,15,2022-05-04T00:00:00,True,2022-11-03T00:00:00,-183.0,-0.1820967609634655,-0.35118714912770055,-0.07099523157771259,-0.013885099673733525
12,15,,False,2023-08-18T00:00:00,,,-0.07157651690455447,,
13,15,,False,2023-10-26T00:00:00,,,-0.10779945251606837,,
14,15,,False,2024-04-19T00:00:00,,,-0.07108293455329961,,
15,15,,False,2024-08-07T00:00:00,,,-0.13557739553521508,,
16,15,2025-03-21T00:00:00,True,2025-04-08T00:00:00,-18.0,-0.10876350198166784,-0.22768317249200065,-0.07423913328427023,0.10856172069466674
17,15,,False,2025-11-20T00:00:00,,,-0.07880207882684143,,
18,15,,False,2026-03-30T00:00:00,,,-0.11964363794311839,,
19,15,,False,2026-06-10T00:00:00,,,-0.07031997684181479,,
1,16,,False,2018-02-08T00:00:00,,,-0.10226426618565776,,
2,16,,False,2018-04-02T00:00:00,,,-0.10522597980872284,,
3,16,2019-01-04T00:00:00,True,2018-12-24T00:00:00,11.0,-0.15947863382638017,-0.22796623824208295,0.09473190511700791,0.1841263606261565
4,16,,False,2019-06-03T00:00:00,,,-0.1098320321251457,,
5,16,,False,2019-08-05T00:00:00,,,-0.0745557450174823,,
6,16,,False,2020-03-16T00:00:00,,,-0.2855936425707133,,
7,16,,False,2020-09-23T00:00:00,,,-0.12749406591375545,,
8,16,,False,2021-03-08T00:00:00,,,-0.10851519618796535,,
9,16,,False,2021-05-12T00:00:00,,,-0.0734481816853787,,
10,16,,False,2021-10-04T00:00:00,,,-0.07615393977967622,,
11,16,2022-06-01T00:00:00,True,2022-11-03T00:00:00,-155.0,-0.24066027067194484,-0.35118714912770055,-0.07623426287445234,-0.02011376561015954
12,16,,False,2023-08-18T00:00:00,,,-0.07157651690455447,,
13,16,,False,2023-10-26T00:00:00,,,-0.10779945251606837,,
14,16,,False,2024-04-19T00:00:00,,,-0.07108293455329961,,
15,16,,False,2024-08-07T00:00:00,,,-0.13557739553521508,,
16,16,,False,2025-04-08T00:00:00,,,-0.22768317249200065,,
17,16,,False,2025-11-20T00:00:00,,,-0.07880207882684143,,
18,16,,False,2026-03-30T00:00:00,,,-0.11964363794311839,,
19,16,,False,2026-06-10T00:00:00,,,-0.07031997684181479,,
1,17,,False,2018-02-08T00:00:00,,,-0.10226426618565776,,
2,17,,False,2018-04-02T00:00:00,,,-0.10522597980872284,,
3,17,,False,2018-12-24T00:00:00,,,-0.22796623824208295,,
4,17,,False,2019-06-03T00:00:00,,,-0.1098320321251457,,
5,17,,False,2019-08-05T00:00:00,,,-0.0745557450174823,,
6,17,,False,2020-03-16T00:00:00,,,-0.2855936425707133,,
7,17,,False,2020-09-23T00:00:00,,,-0.12749406591375545,,
8,17,,False,2021-03-08T00:00:00,,,-0.10851519618796535,,
9,17,,False,2021-05-12T00:00:00,,,-0.0734481816853787,,
10,17,,False,2021-10-04T00:00:00,,,-0.07615393977967622,,
11,17,2023-01-13T00:00:00,True,2022-11-03T00:00:00,71.0,-0.25517575573459295,-0.35118714912770055,0.09175366989630995,0.13653967176586623
12,17,,False,2023-08-18T00:00:00,,,-0.07157651690455447,,
13,17,,False,2023-10-26T00:00:00,,,-0.10779945251606837,,
14,17,,False,2024-04-19T00:00:00,,,-0.07108293455329961,,
15,17,,False,2024-08-07T00:00:00,,,-0.13557739553521508,,
16,17,,False,2025-04-08T00:00:00,,,-0.22768317249200065,,
17,17,,False,2025-11-20T00:00:00,,,-0.07880207882684143,,
18,17,,False,2026-03-30T00:00:00,,,-0.11964363794311839,,
19,17,,False,2026-06-10T00:00:00,,,-0.07031997684181479,,
